Workbook

Sheet Quan điểm test
F1: No. | G1: Categoty | H1: Description | I1: Note
F2: 1 | G2: UI | H2: Hiển thị giống design
H3: Cân đối ko xô lệch
H4: Hiển thị tốt trên các trình duyệt Chrome, Firefox, Edge, Safari
H5: Hiển thị tốt dưới mobile,Tablet, ipad | I5: Phiên bản này chưa hỗ trợ
H6: Zoom 50-150% vẫn hiển thị được ko bị đè, khuất
H7: Màu sắc, kích thước, kiểu hiển thị đồng bộ với các màn hình khác
H8: Hình ảnh hiển thị tốt ko bị vỡ hay mờ
H9: Title luôn được Highligh so với nội dung
H10: Con trỏ chuột hiển thị chính xác khi hover (bàn tay, mũi tên)
H11: Các button có trạng thái chuyển màu khi hover
F12: 2 | G12: Khởi tạo | H12: Dữ liệu hiển thị đầy đủ và đúng
F13: 3 | G13: UX | H13: Giao diện trực quan, dễ hiểu
H14: Nội dung ko sai chính tả
H15: Nội dung dễ hiểu, ngắt dòng hợp lý
H16: Các thao tác để hoàn thành được tác vụ cần nhanh gọn tối ưu step
H17: Hiệu ứng chuyển hướng và lướt ko bị giật lag
F18: 4 | G18: Logic | H18: Các tính năng có thể dùng được (Thông luồng nghiệp vụ)
H19: Điều hướng đúng
H20: Các button hoạt động đúng
H21: Ko xảy ra vấn đề bất thường khi Click nhiều lần liên tục vào button
F22: 5 | G22: Đa ngôn ngữ | H22: Data Hiển thị đúng như ngôn ngữ được chọn | I22: Phiên bản này chưa hỗ trợ
K26: x`

Sheet Tiến độ Test
B1: URL | C1: https://techzen.academy/courses | D1: Open | E1: Doing | F1: Waiting fix bug | G1: Done | J1: OK | K1: NG
B2: Design | C2: https://www.figma.com/design/hgi2sTL0dMowaRXViIDP8f/TZ--ACADEMY-website----2025?node-id=9915-16998&m=dev | D2: =COUNTIF($E$4:$E$100,D1) -> 5 | E2: =COUNTIF($E$4:$E$100,E1) -> 1 | F2: =COUNTIF($E$4:$E$100,F1) -> 0 | G2: =COUNTIF($E$4:$E$100,G1) -> 5 | J2: =COUNTIF(Table2[[UI- Firefox]:[UI- Safari]],J1) -> 0 | K2: =COUNTIF(Table2[[UI- Firefox]:[UI- Safari]],K1) -> 0
B3: ID MH | C3: Category | D3: Description | E3: TestResult (Chrome) | F3: Pic | G3: Day | H3: Cmt | I3: Unhandled Bug | J3: UI- Firefox | K3: UI- Edge | L3: UI- Safari
B4: MH001 | C4: Giới thiệu | E4: Done | F4: Uyên | I4: =COUNTIFS('Danh sách bug'!C$5:C$101, B4, 'Danh sách bug'!H$5:H$101, "<>Done", 'Danh sách bug'!H$5:H$101, "<>Cancel") -> 1
B5: MH002 | C5: Khóa học | E5: Done | F5: Uyên | I5: =COUNTIFS('Danh sách bug'!C$5:C$101, B5, 'Danh sách bug'!H$5:H$101, "<>Done", 'Danh sách bug'!H$5:H$101, "<>Cancel") -> 1
B6: MH003 | C6: Lịch khai giảng | E6: Done | F6: Uyên | I6: =COUNTIFS('Danh sách bug'!C$5:C$101, B6, 'Danh sách bug'!H$5:H$101, "<>Done", 'Danh sách bug'!H$5:H$101, "<>Cancel") -> 0
B7: MH004 | C7: Đối tác | E7: Done | F7: Uyên | I7: =COUNTIFS('Danh sách bug'!C$5:C$101, B7, 'Danh sách bug'!H$5:H$101, "<>Done", 'Danh sách bug'!H$5:H$101, "<>Cancel") -> 0
B8: MH005 | C8: Lịch khai giảng | E8: Done | F8: Uyên | I8: =COUNTIFS('Danh sách bug'!C$5:C$101, B8, 'Danh sách bug'!H$5:H$101, "<>Done", 'Danh sách bug'!H$5:H$101, "<>Cancel") -> 0
B9: MH006 | C9: Học viên | E9: Open | F9: Vân Anh | I9: =COUNTIFS('Danh sách bug'!C$5:C$101, B9, 'Danh sách bug'!H$5:H$101, "<>Done", 'Danh sách bug'!H$5:H$101, "<>Cancel") -> 0
B10: MH007 | C10: Giảng viên | E10: Open | F10: Vân Anh | I10: =COUNTIFS('Danh sách bug'!C$5:C$101, B10, 'Danh sách bug'!H$5:H$101, "<>Done", 'Danh sách bug'!H$5:H$101, "<>Cancel") -> 0
B11: MH008 | C11: Blog | E11: Open | F11: Vân Anh | I11: =COUNTIFS('Danh sách bug'!C$5:C$101, B11, 'Danh sách bug'!H$5:H$101, "<>Done", 'Danh sách bug'!H$5:H$101, "<>Cancel") -> 0
B12: MH009 | C12: Header | E12: Open | F12: Vân Anh | I12: =COUNTIFS('Danh sách bug'!C$5:C$101, B12, 'Danh sách bug'!H$5:H$101, "<>Done", 'Danh sách bug'!H$5:H$101, "<>Cancel") -> 0
B13: MH010 | C13: Footer | E13: Open | F13: Vân Anh | I13: =COUNTIFS('Danh sách bug'!C$5:C$101, B13, 'Danh sách bug'!H$5:H$101, "<>Done", 'Danh sách bug'!H$5:H$101, "<>Cancel") -> 0
B14: MH011 | C14: Đăng ký nhận tư vấn | E14: Doing | F14: Minh Quân | I14: =COUNTIFS('Danh sách bug'!C$5:C$101, B14, 'Danh sách bug'!H$5:H$101, "<>Done", 'Danh sách bug'!H$5:H$101, "<>Cancel") -> 0

Sheet Danh sách bug
B1: Remaining | F1: Count
B2: HotFix | C2: High | D2: Normal | E2: Low | F2: Open | G2: Doing | H2: Waiting | I2: Ready for test | J2: Done | K2: ReOpen | L2: Cancel | N2: Reporter | P2: Pic
B3: =COUNTIFS($G$5:$G$101, B2, $H$5:$H$101, "<>Done", $H$5:$H$101, "<>Cancel") -> 0 | C3: =COUNTIFS($G$5:$G$101, C2, $H$5:$H$101, "<>Done", $H$5:$H$101, "<>Cancel") -> 0 | D3: =COUNTIFS($G$5:$G$101, D2, $H$5:$H$101, "<>Done", $H$5:$H$101, "<>Cancel") -> 0 | E3: =COUNTIFS($G$5:$G$101, E2, $H$5:$H$101, "<>Done", $H$5:$H$101, "<>Cancel") -> 0 | F3: =COUNTIF($H$4:$H$139,F2) -> 0 | G3: =COUNTIF($H$4:$H$139,G2) -> 0 | H3: =COUNTIF($H$4:$H$139,H2) -> 0 | I3: =COUNTIF($H$4:$H$139,I2) -> 0 | J3: =COUNTIF($H$4:$H$139,J2) -> 0 | K3: =COUNTIF($H$4:$H$139,K2) -> 0 | L3: =COUNTIF($H$4:$H$139,L2) -> 0 | N3: Uyên | O3: Vân Anh | P3: Lam
B4: ID_Bug | C4: ID MH (Auto fill) | D4: Category (Selelect) | E4: Description | F4: Attachment | G4: Priority | H4: Result | I4: Reporter | J4: PIC | K4: Comp. Date | L4: Remark
B5: BUG001 | C5: =_xlfn.XLOOKUP(D5,'Tiến độ Test'!C:C,'Tiến độ Test'!B:B,"Không tìm thấy") -> MH002 | D5: Khóa học
B6: BUG002 | C6: =_xlfn.XLOOKUP(D6,'Tiến độ Test'!C:C,'Tiến độ Test'!B:B,"Không tìm thấy") -> MH001 | D6: Giới thiệu
B7: BUG003 | C7: =_xlfn.XLOOKUP(D7,'Tiến độ Test'!C:C,'Tiến độ Test'!B:B,"Không tìm thấy") -> Không tìm thấy
B8: BUG004 | C8: =_xlfn.XLOOKUP(D8,'Tiến độ Test'!C:C,'Tiến độ Test'!B:B,"Không tìm thấy") -> Không tìm thấy
B9: BUG005 | C9: =_xlfn.XLOOKUP(D9,'Tiến độ Test'!C:C,'Tiến độ Test'!B:B,"Không tìm thấy") -> Không tìm thấy
B10: BUG006 | C10: =_xlfn.XLOOKUP(D10,'Tiến độ Test'!C:C,'Tiến độ Test'!B:B,"Không tìm thấy") -> Không tìm thấy
B11: BUG007 | C11: =_xlfn.XLOOKUP(D11,'Tiến độ Test'!C:C,'Tiến độ Test'!B:B,"Không tìm thấy") -> Không tìm thấy
B12: BUG008 | C12: =_xlfn.XLOOKUP(D12,'Tiến độ Test'!C:C,'Tiến độ Test'!B:B,"Không tìm thấy") -> Không tìm thấy
B13: BUG009 | C13: =_xlfn.XLOOKUP(D13,'Tiến độ Test'!C:C,'Tiến độ Test'!B:B,"Không tìm thấy") -> Không tìm thấy
B14: BUG010 | C14: =_xlfn.XLOOKUP(D14,'Tiến độ Test'!C:C,'Tiến độ Test'!B:B,"Không tìm thấy") -> Không tìm thấy
B15: BUG011 | C15: =_xlfn.XLOOKUP(D15,'Tiến độ Test'!C:C,'Tiến độ Test'!B:B,"Không tìm thấy") -> Không tìm thấy
B16: BUG012 | C16: =_xlfn.XLOOKUP(D16,'Tiến độ Test'!C:C,'Tiến độ Test'!B:B,"Không tìm thấy") -> Không tìm thấy
B17: BUG013 | C17: =_xlfn.XLOOKUP(D17,'Tiến độ Test'!C:C,'Tiến độ Test'!B:B,"Không tìm thấy") -> Không tìm thấy
B18: BUG014 | C18: =_xlfn.XLOOKUP(D18,'Tiến độ Test'!C:C,'Tiến độ Test'!B:B,"Không tìm thấy") -> Không tìm thấy
... B48: BUG044 | C48: =_xlfn.XLOOKUP(D48,'Tiến độ Test'!C:C,'Tiến độ Test'!B:B,"Không tìm thấy") -> Không tìm thấy
